Workbook

Sheet Customers
A1: CustomerID | B1: CustomerName | C1: Country | D1: Email
A2: CUST0001 | B2: Customer_1 | C2: Nigeria | D2: customer1@example.com
A3: CUST0002 | B3: Customer_2 | C3: USA | D3: customer2@example.com
A4: CUST0003 | B4: Customer_3 | C4: Kenya | D4: customer3@example.com
A5: CUST0004 | B5: Customer_4 | C5: Kenya | D5: customer4@example.com
A6: CUST0005 | B6: Customer_5 | C6: Kenya | D6: customer5@example.com
A7: CUST0006 | B7: Customer_6 | C7: USA | D7: customer6@example.com
A8: CUST0007 | B8: Customer_7 | C8: Ghana | D8: customer7@example.com
A9: CUST0008 | B9: Customer_8 | C9: South Africa | D9: customer8@example.com
A10: CUST0009 | B10: Customer_9 | C10: USA | D10: customer9@example.com
A11: CUST0010 | B11: Customer_10 | C11: USA | D11: customer10@example.com
A12: CUST0011 | B12: Customer_11 | C12: UK | D12: customer11@example.com
... A1001: CUST1000 | B1001: Customer_1000 | C1001: Canada | D1001: customer1000@example.com

Sheet Products
A1: ProductID | B1: ProductName | C1: Category | D1: UnitPrice
A2: PRD0001 | B2: Product_1 | C2: Clothing | D2: 132.42
A3: PRD0002 | B3: Product_2 | C3: Home | D3: 329.07
A4: PRD0003 | B4: Product_3 | C4: Home | D4: 118.82
A5: PRD0004 | B5: Product_4 | C5: Home | D5: 433.89
A6: PRD0005 | B6: Product_5 | C6: Clothing | D6: 361.07
A7: PRD0006 | B7: Product_6 | C7: Electronics | D7: 209.76
A8: PRD0007 | B8: Product_7 | C8: Electronics | D8: 15.96
A9: PRD0008 | B9: Product_8 | C9: Home | D9: 208.46
A10: PRD0009 | B10: Product_9 | C10: Food | D10: 123.43
A11: PRD0010 | B11: Product_10 | C11: Food | D11: 34.07
A12: PRD0011 | B12: Product_11 | C12: Clothing | D12: 146.18
A13: PRD0012 | B13: Product_12 | C13: Clothing | D13: 446.34
... A501: PRD0500 | B501: Product_500 | C501: Food | D501: 22.78

Sheet Orders
A1: OrderID | B1: CustomerID | C1: ProductID | D1: Quantity | E1: Customer Name | F1: Country | G1: Product Name | H1: Category | I1: Unit Price | J1: Total Sales
A2: ORD00001 | B2: CUST0703 | C2: PRD0108 | D2: 10 | E2: =_xlfn.XLOOKUP(B2,Customers!A2:A1001,Customers!B2:B1001,"Customer Not Found",0) -> Customer_703 | F2: =_xlfn.XLOOKUP(Orders!B2,Customers!A2:A1001,Customers!C2:C1001,"Country not Found",0) -> Kenya | G2: =_xlfn.XLOOKUP(C2,Products!A2:A501,Products!B2:B501,"Product Missing",0) -> Product_108 | H2: =_xlfn.XLOOKUP(C2,Products!A2:A501,Products!C2:C501,"Category Missing",0) -> Electronics | I2: =_xlfn.XLOOKUP(Orders!C2,Products!A2:A501,Products!D2:D501,"Price Missing",0) -> 360.09 | J2: =IFERROR(I2*D2,0) -> 3600.9
A3: ORD00002 | B3: CUST0176 | C3: PRD0254 | D3: 10 | E3: =_xlfn.XLOOKUP(B3,Customers!A3:A1002,Customers!B3:B1002,"Customer Not Found",0) -> Customer_176 | F3: =_xlfn.XLOOKUP(Orders!B3,Customers!A3:A1002,Customers!C3:C1002,"Country not Found",0) -> USA | G3: =_xlfn.XLOOKUP(C3,Products!A3:A502,Products!B3:B502,"Product Missing",0) -> Product_254 | H3: =_xlfn.XLOOKUP(C3,Products!A3:A502,Products!C3:C502,"Category Missing",0) -> Home | I3: =_xlfn.XLOOKUP(Orders!C3,Products!A3:A502,Products!D3:D502,"Price Missing",0) -> 366 | J3: =IFERROR(I3*D3,0) -> 3660
A4: ORD00003 | B4: CUST0671 | C4: PRD0267 | D4: 3 | E4: =_xlfn.XLOOKUP(B4,Customers!A4:A1003,Customers!B4:B1003,"Customer Not Found",0) -> Customer_671 | F4: =_xlfn.XLOOKUP(Orders!B4,Customers!A4:A1003,Customers!C4:C1003,"Country not Found",0) -> USA | G4: =_xlfn.XLOOKUP(C4,Products!A4:A503,Products!B4:B503,"Product Missing",0) -> Product_267 | H4: =_xlfn.XLOOKUP(C4,Products!A4:A503,Products!C4:C503,"Category Missing",0) -> Clothing | I4: =_xlfn.XLOOKUP(Orders!C4,Products!A4:A503,Products!D4:D503,"Price Missing",0) -> 430.53 | J4: =IFERROR(I4*D4,0) -> 1291.59
A5: ORD00004 | B5: CUST0972 | C5: PRD0163 | D5: 7 | E5: =_xlfn.XLOOKUP(B5,Customers!A5:A1004,Customers!B5:B1004,"Customer Not Found",0) -> Customer_972 | F5: =_xlfn.XLOOKUP(Orders!B5,Customers!A5:A1004,Customers!C5:C1004,"Country not Found",0) -> South Africa | G5: =_xlfn.XLOOKUP(C5,Products!A5:A504,Products!B5:B504,"Product Missing",0) -> Product_163 | H5: =_xlfn.XLOOKUP(C5,Products!A5:A504,Products!C5:C504,"Category Missing",0) -> Food | I5: =_xlfn.XLOOKUP(Orders!C5,Products!A5:A504,Products!D5:D504,"Price Missing",0) -> 206.83 | J5: =IFERROR(I5*D5,0) -> 1447.81
A6: ORD00005 | B6: CUST0153 | C6: PRD0136 | D6: 4 | E6: =_xlfn.XLOOKUP(B6,Customers!A6:A1005,Customers!B6:B1005,"Customer Not Found",0) -> Customer_153 | F6: =_xlfn.XLOOKUP(Orders!B6,Customers!A6:A1005,Customers!C6:C1005,"Country not Found",0) -> UK | G6: =_xlfn.XLOOKUP(C6,Products!A6:A505,Products!B6:B505,"Product Missing",0) -> Product_136 | H6: =_xlfn.XLOOKUP(C6,Products!A6:A505,Products!C6:C505,"Category Missing",0) -> Sports | I6: =_xlfn.XLOOKUP(Orders!C6,Products!A6:A505,Products!D6:D505,"Price Missing",0) -> 124.48 | J6: =IFERROR(I6*D6,0) -> 497.92
A7: ORD00006 | B7: CUST0333 | C7: PRD0101 | D7: 1 | E7: =_xlfn.XLOOKUP(B7,Customers!A7:A1006,Customers!B7:B1006,"Customer Not Found",0) -> Customer_333 | F7: =_xlfn.XLOOKUP(Orders!B7,Customers!A7:A1006,Customers!C7:C1006,"Country not Found",0) -> South Africa | G7: =_xlfn.XLOOKUP(C7,Products!A7:A506,Products!B7:B506,"Product Missing",0) -> Product_101 | H7: =_xlfn.XLOOKUP(C7,Products!A7:A506,Products!C7:C506,"Category Missing",0) -> Clothing | I7: =_xlfn.XLOOKUP(Orders!C7,Products!A7:A506,Products!D7:D506,"Price Missing",0) -> 14 | J7: =IFERROR(I7*D7,0) -> 14
A8: ORD00007 | B8: CUST0660 | C8: PRD0353 | D8: 8 | E8: =_xlfn.XLOOKUP(B8,Customers!A8:A1007,Customers!B8:B1007,"Customer Not Found",0) -> Customer_660 | F8: =_xlfn.XLOOKUP(Orders!B8,Customers!A8:A1007,Customers!C8:C1007,"Country not Found",0) -> USA | G8: =_xlfn.XLOOKUP(C8,Products!A8:A507,Products!B8:B507,"Product Missing",0) -> Product_353 | H8: =_xlfn.XLOOKUP(C8,Products!A8:A507,Products!C8:C507,"Category Missing",0) -> Home | I8: =_xlfn.XLOOKUP(Orders!C8,Products!A8:A507,Products!D8:D507,"Price Missing",0) -> 47.02 | J8: =IFERROR(I8*D8,0) -> 376.16
A9: ORD00008 | B9: CUST0762 | C9: PRD0343 | D9: 5 | E9: =_xlfn.XLOOKUP(B9,Customers!A9:A1008,Customers!B9:B1008,"Customer Not Found",0) -> Customer_762 | F9: =_xlfn.XLOOKUP(Orders!B9,Customers!A9:A1008,Customers!C9:C1008,"Country not Found",0) -> Nigeria | G9: =_xlfn.XLOOKUP(C9,Products!A9:A508,Products!B9:B508,"Product Missing",0) -> Product_343 | H9: =_xlfn.XLOOKUP(C9,Products!A9:A508,Products!C9:C508,"Category Missing",0) -> Food | I9: =_xlfn.XLOOKUP(Orders!C9,Products!A9:A508,Products!D9:D508,"Price Missing",0) -> 487.11 | J9: =IFERROR(I9*D9,0) -> 2435.55
A10: ORD00009 | B10: CUST0035 | C10: PRD0311 | D10: 5 | E10: =_xlfn.XLOOKUP(B10,Customers!A10:A1009,Customers!B10:B1009,"Customer Not Found",0) -> Customer_35 | F10: =_xlfn.XLOOKUP(Orders!B10,Customers!A10:A1009,Customers!C10:C1009,"Country not Found",0) -> Nigeria | G10: =_xlfn.XLOOKUP(C10,Products!A10:A509,Products!B10:B509,"Product Missing",0) -> Product_311 | H10: =_xlfn.XLOOKUP(C10,Products!A10:A509,Products!C10:C509,"Category Missing",0) -> Electronics | I10: =_xlfn.XLOOKUP(Orders!C10,Products!A10:A509,Products!D10:D509,"Price Missing",0) -> 348.17 | J10: =IFERROR(I10*D10,0) -> 1740.85
A11: ORD00010 | B11: CUST0479 | C11: PRD0362 | D11: 8 | E11: =_xlfn.XLOOKUP(B11,Customers!A11:A1010,Customers!B11:B1010,"Customer Not Found",0) -> Customer_479 | F11: =_xlfn.XLOOKUP(Orders!B11,Customers!A11:A1010,Customers!C11:C1010,"Country not Found",0) -> USA | G11: =_xlfn.XLOOKUP(C11,Products!A11:A510,Products!B11:B510,"Product Missing",0) -> Product_362 | H11: =_xlfn.XLOOKUP(C11,Products!A11:A510,Products!C11:C510,"Category Missing",0) -> Food | I11: =_xlfn.XLOOKUP(Orders!C11,Products!A11:A510,Products!D11:D510,"Price Missing",0) -> 235.87 | J11: =IFERROR(I11*D11,0) -> 1886.96
A12: ORD00011 | B12: CUST0325 | C12: PRD0169 | D12: 5 | E12: =_xlfn.XLOOKUP(B12,Customers!A12:A1011,Customers!B12:B1011,"Customer Not Found",0) -> Customer_325 | F12: =_xlfn.XLOOKUP(Orders!B12,Customers!A12:A1011,Customers!C12:C1011,"Country not Found",0) -> Canada | G12: =_xlfn.XLOOKUP(C12,Products!A12:A511,Products!B12:B511,"Product Missing",0) -> Product_169 | H12: =_xlfn.XLOOKUP(C12,Products!A12:A511,Products!C12:C511,"Category Missing",0) -> Food | I12: =_xlfn.XLOOKUP(Orders!C12,Products!A12:A511,Products!D12:D511,"Price Missing",0) -> 279.2 | J12: =IFERROR(I12*D12,0) -> 1396
A13: ORD00012 | B13: CUST0467 | C13: PRD0289 | D13: 4 | E13: =_xlfn.XLOOKUP(B13,Customers!A13:A1012,Customers!B13:B1012,"Customer Not Found",0) -> Customer_467 | F13: =_xlfn.XLOOKUP(Orders!B13,Customers!A13:A1012,Customers!C13:C1012,"Country not Found",0) -> Ghana | G13: =_xlfn.XLOOKUP(C13,Products!A13:A512,Products!B13:B512,"Product Missing",0) -> Product_289 | H13: =_xlfn.XLOOKUP(C13,Products!A13:A512,Products!C13:C512,"Category Missing",0) -> Electronics | I13: =_xlfn.XLOOKUP(Orders!C13,Products!A13:A512,Products!D13:D512,"Price Missing",0) -> 362.84 | J13: =IFERROR(I13*D13,0) -> 1451.36
... A3001: ORD03000 | B3001: CUST0374 | C3001: PRD0068 | D3001: 6 | E3001: =_xlfn.XLOOKUP(B3001,Customers!A3001:A4000,Customers!B3001:B4000,"Customer Not Found",0) -> Customer Not Found | F3001: =_xlfn.XLOOKUP(Orders!B3001,Customers!A3001:A4000,Customers!C3001:C4000,"Country not Found",0) -> Country not Found | G3001: =_xlfn.XLOOKUP(C3001,Products!A3001:A3500,Products!B3001:B3500,"Product Missing",0) -> Product Missing | H3001: =_xlfn.XLOOKUP(C3001,Products!A3001:A3500,Products!C3001:C3500,"Category Missing",0) -> Category Missing | I3001: =_xlfn.XLOOKUP(Orders!C3001,Products!A3001:A3500,Products!D3001:D3500,"Price Missing",0) -> Price Missing | J3001: =IFERROR(I3001*D3001,0) -> 0

Sheet Pivot table 
A3: Country | B3: Revenue | G3: Top 10 Performing Products | H3: Revenue
A4: Canada | B4: 48925.1 | D4: Catergory | E4: Revenue | G4: Product_165 | H4: 4915.5
A5: Ghana | B5: 44921.55 | D5: Electronics | E5: 78285.06 | G5: Product_254 | H5: 6222
A6: UK | B6: 42763.29 | D6: Home | E6: 71591.78 | G6: Product_276 | H6: 4446.09
A7: Kenya | B7: 42235.72 | D7: Clothing | E7: 71378.57 | G7: Product_298 | H7: 4949.76
A8: Nigeria | B8: 42170.63 | D8: Food | E8: 67757.98 | G8: Product_338 | H8: 7856.96
A9: USA | B9: 37524.11 | D9: Sports | E9: 64467.34 | G9: Product_349 | H9: 7081.3
A10: South Africa | B10: 34066.26 | D10: Grand Total | E10: 353480.73 | G10: Product_358 | H10: 4607.12
A11: Grand Total | B11: 292606.66 | G11: Product_416 | H11: 7611.58
G12: Product_459 | H12: 8437.78
G13: Product_497 | H13: 5800.34
G14: Grand Total | H14: 61928.43
B17: Revenue | C17: Country
B18: Category | C18: Canada | D18: Ghana | E18: UK | F18: Kenya | G18: Nigeria | H18: USA | I18: South Africa | J18: Grand Total
B19: Clothing | C19: 0.28493575 | D19: 0.13604873 | E19: 0.31578814 | F19: 0.053004661 | G19: 0.24520146 | H19: 0.25535849 | I19: 0.2034039 | J19: 0.2140979
B20: Electronics | C20: 0.30524741 | D20: 0.24459374 | E20: 0.16075891 | F20: 0.27421576 | G20: 0.37127048 | H20: 0.062378561 | I20: 0.1722957 | J20: 0.23323102
B21: Food | C21: 0.21631146 | D21: 0.13994709 | E21: 0.19479441 | F21: 0.25820372 | G21: 0.21419671 | H21: 0.17708188 | I21: 0.22207457 | J21: 0.20282542
B22: Home | C22: 0.16533007 | D22: 0.22898364 | E22: 0.28632549 | F22: 0.11774417 | G22: 0.11506492 | H22: 0.28391906 | I22: 0.15524099 | J22: 0.1927057
B23: Sports | C23: 0.028175313 | D23: 0.2504268 | E23: 0.042333038 | F23: 0.29683169 | G23: 0.054266441 | H23: 0.22126201 | I23: 0.24698485 | J23: 0.15713996
B24: Grand Total | C24: 1 | D24: 1 | E24: 1 | F24: 1 | G24: 1 | H24: 1 | I24: 1 | J24: 1

Sheet TOP 10
H5: REVENUE BY TOP 10 PRODUCTS
H7: Top 10 Performing Products | I7: Revenue
H8: Product_165 | I8: 4915.5
H9: Product_254 | I9: 6222
H10: Product_276 | I10: 4446.09
H11: Product_298 | I11: 4949.76
H12: Product_338 | I12: 7856.96
H13: Product_349 | I13: 7081.3
H14: Product_358 | I14: 4607.12
H15: Product_416 | I15: 7611.58
H16: Product_459 | I16: 8437.78
H17: Product_497 | I17: 5800.34
H18: Grand Total | I18: 61928.43

Sheet REVENUE BY CATEGORY
H5: REVENUE BY PRODUCT CATEGORY
H7: Catergory | I7: Revenue
H8: Electronics | I8: 78285.06
H9: Home | I9: 71591.78
H10: Clothing | I10: 71378.57
H11: Food | I11: 67757.98
H12: Sports | I12: 64467.34
H13: Grand Total | I13: 353480.73

Sheet REVENUE BY COUNTRY
H3: REVENUE BY COUNTRY
H5: Country | I5: Revenue
H6: Canada | I6: 48925.1
H7: Ghana | I7: 44921.55
H8: UK | I8: 42763.29
H9: Kenya | I9: 42235.72
H10: Nigeria | I10: 42170.63
H11: USA | I11: 37524.11
H12: South Africa | I12: 34066.26
H13: Grand Total | I13: 292606.66

Sheet column percentage
F5: Revenue | G5: Country
F6: Category | G6: Canada | H6: Ghana | I6: UK | J6: Kenya | K6: Nigeria | L6: USA | M6: South Africa | N6: Grand Total | O6: PERORMANCE
F7: Clothing | G7: 0.28493575 | H7: 0.13604873 | I7: 0.31578814 | J7: 0.053004661 | K7: 0.24520146 | L7: 0.25535849 | M7: 0.2034039 | N7: 0.2140979 | O7: =GETPIVOTDATA("Total Sales",$F5,"Category",F7) -> 0.2140979
F8: Electronics | G8: 0.30524741 | H8: 0.24459374 | I8: 0.16075891 | J8: 0.27421576 | K8: 0.37127048 | L8: 0.062378561 | M8: 0.1722957 | N8: 0.23323102 | O8: =GETPIVOTDATA("Total Sales",$F6,"Category",F8) -> 0.23323102
F9: Food | G9: 0.21631146 | H9: 0.13994709 | I9: 0.19479441 | J9: 0.25820372 | K9: 0.21419671 | L9: 0.17708188 | M9: 0.22207457 | N9: 0.20282542 | O9: =GETPIVOTDATA("Total Sales",$F7,"Category",F9) -> 0.20282542
F10: Home | G10: 0.16533007 | H10: 0.22898364 | I10: 0.28632549 | J10: 0.11774417 | K10: 0.11506492 | L10: 0.28391906 | M10: 0.15524099 | N10: 0.1927057 | O10: =GETPIVOTDATA("Total Sales",$F8,"Category",F10) -> 0.1927057
F11: Sports | G11: 0.028175313 | H11: 0.2504268 | I11: 0.042333038 | J11: 0.29683169 | K11: 0.054266441 | L11: 0.22126201 | M11: 0.24698485 | N11: 0.15713996 | O11: =GETPIVOTDATA("Total Sales",$F9,"Category",F11) -> 0.15713996
F12: Grand Total | G12: 1 | H12: 1 | I12: 1 | J12: 1 | K12: 1 | L12: 1 | M12: 1 | N12: 1

Sheet Dashboard
G16: Top 10 Performing Products | H16: Revenue
G17: Product_165 | H17: 4915.5
G18: Product_254 | H18: 6222
G19: Product_276 | H19: 4446.09
G20: Product_298 | H20: 4949.76
G21: Product_338 | H21: 7856.96
G22: Product_349 | H22: 7081.3
G23: Product_358 | H23: 4607.12
G24: Product_416 | H24: 7611.58
G25: Product_459 | H25: 8437.78
G26: Product_497 | H26: 5800.34
G27: Grand Total | H27: 61928.43
